{"cameraMode":{"drawMode":0,"name":"Shaded","section":"Shading Mode"},"sceneLighting":true,"audioPlay":false,"sceneViewState":{"m_AlwaysRefresh":false,"showFog":true,"showSkybox":true,"showFlares":true,"showImageEffects":true,"showParticleSystems":true,"showVisualEffectGraphs":true,"m_FxEnabled":true},"in2DMode":false,"pivot":{"x":352.0724182128906,"y":198.85906982421876,"z":-329.9884338378906},"rotation":{"x":-0.13101334869861604,"y":-0.010995880700647831,"z":0.0014564571902155877,"w":-0.9913281798362732},"size":227.64414978027345,"orthographic":false}