{"cameraMode":{"drawMode":0,"name":"Shaded","section":"Shading Mode"},"sceneLighting":true,"audioPlay":false,"sceneViewState":{"m_AlwaysRefresh":false,"showFog":true,"showSkybox":true,"showFlares":true,"showImageEffects":true,"showParticleSystems":true,"showVisualEffectGraphs":true,"m_FxEnabled":true},"in2DMode":false,"pivot":{"x":473.212646484375,"y":224.21640014648438,"z":-1.193878173828125},"rotation":{"x":0.06445062160491944,"y":-0.011974791064858437,"z":0.0007734520477242768,"w":0.9978485107421875},"size":267.4469909667969,"orthographic":false}