{"cameraMode":{"drawMode":0,"name":"Shaded","section":"Shading Mode"},"sceneLighting":false,"audioPlay":false,"sceneViewState":{"m_AlwaysRefresh":false,"showFog":true,"showSkybox":true,"showFlares":true,"showImageEffects":true,"showParticleSystems":true,"showVisualEffectGraphs":true,"m_FxEnabled":true},"in2DMode":false,"pivot":{"x":57.491275787353519,"y":15.900938987731934,"z":99.91695404052735},"rotation":{"x":-0.16651929914951325,"y":0.4548819959163666,"z":-0.0870124101638794,"w":-0.8705356121063232},"size":0.00823407806456089,"orthographic":false}